"ID","time","evid","amt","cmt","ss","ii","addl","rate","SEX","AGE","WT","HT","SCR","DV"
1,0,1,500,1,0,0,0,1000,1,79,43.9792771208256,155.725338095945,1.07206464501486,0
1,1,0,0,1,0,0,0,0,1,79,43.9792771208256,155.725338095945,1.07206464501486,28.5205992849046
