"ID","time","evid","amt","cmt","ss","ii","addl","rate","SEX","AGE","WT","HT","LBW","SCR","DV"
"1","0","1","92","1","0","8","0","50","1","79","43.9792771208256","155.725338095945","43.9792771208256","1.07206464501486","0"
"1","2","0","0","1","0","0","0","0","1","79","43.9792771208256","155.725338095945","43.9792771208256","1.07206464501486","3.83647686583356"
