"ID","time","evid","amt","cmt","ss","ii","addl","rate","SEX","AGE","WT","HT","LBW","SCR","CLCR","Norm_Vmax","Vmax","Km","VD_NR","CL_SLOPE","VD","CL","IPRED","Omega","Sigma","DV"
1,0,1,92,1,0,8,0,50,1,79,43.9792771208256,155.725338095945,43.9792771208256,1.07206464501486,33.9535606630461,279.903451191351,369.928869548369,4.59840510986949,0.926284395661805,0.01,40.737318129507,0.0203721363978277,0,1,-1.40169621913244,0
