"ID","time","evid","amt","cmt","ss","ii","addl","rate","SEX","AGE","WT","HT","LBW","SCR","KA","DV"
"1","0","1","200","1","0","12","0","0","1","79","43.9792771208256","155.725338095945","43.9792771208256","1.07206464501486","0.27","0"
"1","4","0","0","2","0","0","0","0","1","79","43.9792771208256","155.725338095945","43.9792771208256","1.07206464501486","0.27","5.19200228758146"
