"ID","time","evid","amt","cmt","ss","ii","addl","rate","SEX","AGE","WT","HT","LBW","SCR","DV"
"1","0","1","1000","1","0","12","0","1000","1","79","43.9792771208256","155.725338095945","43.9792771208256","1.07206464501486","0"
"1","2","0","0","1","0","0","0","0","1","79","43.9792771208256","155.725338095945","43.9792771208256","1.07206464501486","21.5840142353584"
